questions,Answers
What is mental health?,"Mental health is about how we think, feel, and handle everyday challenges."
Is it normal to feel stressed sometimes?,"Yes. Stress is a normal response, especially during changes or challenges."
Can mental health change over time?,"Yes, Mental health can improve or worsen depending on life experiences and support."
Does having mental health struggles mean something is wrong with me?,No. Mental health challenges are common and don't define your worth.
Can teens have mental health issues?,"Yes. Mental health affects people of all ages, including teens."
Is mental health as important as physical health?,Absolutely. Both are important for overall well-being.
Can good habits help mental health?,"Yes. Sleep, movement, and healthy routines can help a lot."
Is it okay to ask for help?,Yes. Asking for help is a strong and healthy choice.
Can friends affect my mental health?,"Yes. Supportive friends can help, while unhealthy relationships can add stress."
What does emotional well-being mean?,It means understanding and managing your feelings in healthy ways.
Can mental health improve?,"Yes. With support and time, many people feel better."
Are mental health problems common?,Yes. Many people experience them at some point in life.
Does talking about feelings help?,Yes. Sharing can reduce stress and help you feel understood.
Can school affect mental health?,Yes. School pressure can impact stress and emotions.
Is mental health the same for everyone?,No. Everyone's experiences are different.
What is anxiety?,"Anxiety is a feeling of worry or nervousness, often about future events."
Is anxiety always bad?,"Not always. Small amounts can help you stay alert, but too much can be hard."
How can I calm down when stressed?,"Slow breathing, short breaks, or grounding techniques can help."
Why do I feel nervous for no clear reason?,"Feelings can come from your body's stress response, even without a clear cause."
Can anxiety cause physical feelings?,Yes. It can cause things like a fast heartbeat or tight muscles.
Is it okay to take breaks when overwhelmed?,Yes. Breaks help your mind reset.
Can writing help with stress?,Yes. Writing thoughts down can make them feel more manageable.
Does breathing really help anxiety?,Yes. Slow breathing can signal your body to relax.
Can music help me calm down?,Yes. Music can affect mood and help relaxation.
Why does my mind race at night?,Stress and lack of distractions can make thoughts feel louder.
Can anxiety make it hard to focus?,Yes. Worry can take up mental energy.
Is worrying all the time normal?,"Some worry is normal, but constant worry may mean you need support."
Can exercise help stress?,Yes. Movement helps release tension.
Does caffeine affect anxiety?,"For some people, it can increase nervous feelings."
Can anxiety come and go?,Yes. It often changes depending on situations.
Is it okay to say no to reduce stress?,Yes. Setting boundaries is healthy.
Can anxiety make small problems feel big?,Yes. Anxiety can magnify worries.
Can I learn to manage anxiety?,Yes. Skills and support can help a lot.
Does talking to someone reduce stress?,Feeling heard can be calming.
Should I get help if anxiety feels overwhelming?,Yes. A trusted adult or professional can help.
Is it okay to feel sad sometimes?,Yes. Sadness is a normal emotion.
How long do emotions usually last?,Emotions change; they don't stay the same forever.
Can mood change without a reason?,"Yes. Sleep, stress, and hormones can affect mood."
Is it bad to cry?,Crying can be a healthy emotional release.
Why do I feel numb sometimes?,Numbness can be a response to stress or emotional overload.
Can lack of sleep affect mood?,Yes. Sleep is important for emotional balance.
Is anger a bad emotion?,"It's normal, but how you express it matters."
Can journaling help with emotions?,Yes. It can help you understand feelings better.
Why do I feel tired emotionally?,Ongoing stress can drain emotional energy.
Can social media affect mood?,Yes. It can influence how you feel about yourself.
Is it okay to take time alone?,Yes. Alone time can help recharge.
Can emotions feel confusing?,Yes. Mixed feelings are common.
Can helping others improve mood?,Yes. Kind actions can boost well-being.
Does sunlight affect mood?,Yes. Natural light can help mood and energy.
Can routines help emotions?,Yes. Routines provide stability.
Is it okay to not be happy all the time?,Yes. No one feels happy all the time.
Can emotions affect decision-making?,Yes. Strong feelings can influence choices.
Why do small things upset me sometimes?,Stress can lower emotional tolerance.
Can mood improve with support?,Yes. Support makes a big difference.
Should I talk to someone if I feel low for a long time?,Yes. A trusted adult or professional can help.
Who can I talk to about my feelings?,"A trusted adult, friend, counselor, or teacher."
What if I'm scared to open up?,Start small. You don't have to share everything at once.
Is therapy only for serious problems?,No. Therapy can help with everyday challenges too.
Can coping skills be learned?,Yes. Coping skills improve with practice.
What are healthy coping skills?,"Breathing, movement, creativity, and talking to others."
Can distractions help when overwhelmed?,"Yes, short distractions can help reset your mind."
Is it okay to ask for reassurance?,Yes. It's normal to need reassurance sometimes.
Can setting goals help mental health?,Yes. Small goals can increase confidence.
What if people don't understand my feelings?,"That can be hard, but your feelings still matter."
Is it okay to change coping strategies?,Yes. Different things work at different times.
Can relaxation be practiced?,Yes. Relaxation is a skill you can build.
Does helping yourself mean being selfish?,No. Self-care helps you help others too.
Can grounding help intense emotions?,Yes. Grounding helps bring focus to the present.
Is it okay to need reminders to care for myself?,Yes. Reminders are helpful tools.
Can positive self-talk help?,Yes. Kind thoughts can reduce stress.
What if I don't know how I feel?,That's okay. Feelings can take time to understand.
Can art or music be coping tools?,Yes. Creativity can express emotions safely.
Is it okay to ask adults for mental health help?,Yes. Adults can provide support and resources.
Can routines lower stress?,Yes. Predictability can feel calming.
What if coping doesn't work right away?,That's normal. Keep trying and seek support.
What should I do if I feel emotionally unsafe?,Reach out to a trusted adult or local support service right away.
Is it important to tell someone if I'm struggling?,Yes. You don't have to handle everything alone.
Can hard feelings pass?,"Yes. Feelings change, even when they feel intense."
Does my life matter?,Yes. You matter and your feelings are important.
What if I feel hopeless?,Hopeless feelings can change with help and support.
Is asking for help a failure?,No. It's a sign of strength.
Can adults help even if they don't fully understand?,Yes. They can still care and support you.
Should I keep everything to myself?,No. Sharing can help lighten emotional weight.
What if I'm afraid of being judged?,Many people understand more than you expect.
Can support be found outside my family?,"Yes. Teachers, counselors, and helplines can help."
Is it okay to seek help more than once?,Yes. Support is ongoing.
Can things get better even if it doesn't feel like it?,Yes. Many people feel better with time and help.
What if I don't know what help I need?,That's okay. A trusted person can help you figure it out.
Is my mental health important?,Yes. Your well-being matters.
What's one thing I can remember during hard times?,"You're not alone, and support is available."
